Model,Accuracy (Test),Precision (Test),Recall (Test),F1 Score (Test)
RandomForest,0.8726114649681529,0.8894841186147551,0.8726114649681529,0.8373198717080002
GradientBoosting,0.8789808917197452,0.872734411561739,0.8789808917197452,0.8577266820500742
ExtraTrees,0.8726114649681529,0.8894841186147551,0.8726114649681529,0.8373198717080002
MLP,0.9044585987261147,0.9007572219214093,0.9044585987261147,0.9020746623369934
SVC,0.8662420382165605,0.865089475280558,0.8662420382165605,0.8322580246328463
XGBoost,0.8853503184713376,0.876989252785431,0.8853503184713376,0.870663443209819
