Model,Accuracy (Test),Precision (Test),Recall (Test),F1 Score (Test)
RandomForest,0.8726114649681529,0.8851614933603345,0.8726114649681529,0.862071864994538
GradientBoosting,0.8598726114649682,0.8606507892550539,0.8598726114649682,0.8500569062404157
ExtraTrees,0.8471337579617835,0.8490741539257599,0.8471337579617835,0.8289538756384601
MLP,0.7770700636942676,0.7745502904738574,0.7770700636942676,0.7656050955414013
SVC,0.8407643312101911,0.8353858283903589,0.8407643312101911,0.8339316734221194
XGBoost,0.8598726114649682,0.8581941705400539,0.8598726114649682,0.8531920942783903
