Model,Accuracy (Train),Precision (Train),Recall (Train),F1 Score (Train)
RandomForest,0.9968,0.9968121457489879,0.9968,0.9967844376997448
GradientBoosting,1.0,1.0,1.0,1.0
ExtraTrees,1.0,1.0,1.0,1.0
MLP,0.832,0.8310168322213985,0.832,0.8257301337701337
SVC,0.9168,0.915780828657747,0.9168,0.9145879393535506
XGBoost,1.0,1.0,1.0,1.0
