Model,Accuracy (Test),Precision (Test),Recall (Test),F1 Score (Test)
RandomForest,0.7261146496815286,0.7391328397465504,0.7261146496815286,0.7218931878274897
GradientBoosting,0.7452229299363057,0.753400849058383,0.7452229299363057,0.7449263847897223
ExtraTrees,0.732484076433121,0.7402071644121281,0.732484076433121,0.7260935338184729
MLP,0.643312101910828,0.6968663479257082,0.643312101910828,0.6571458902686406
SVC,0.7197452229299363,0.7135677061791711,0.7197452229299363,0.7142389479885728
XGBoost,0.7261146496815286,0.7356771417142505,0.7261146496815286,0.7288952155027315
