Model,Accuracy (Test),Precision (Test),Recall (Test),F1 Score (Test)
RandomForest,0.7770700636942676,0.7718111858239247,0.7770700636942676,0.7740896002637884
GradientBoosting,0.7579617834394905,0.7686339100471691,0.7579617834394905,0.7621484578623825
ExtraTrees,0.802547770700637,0.7979893616836291,0.802547770700637,0.7998948267963204
MLP,0.6878980891719745,0.6998162322253743,0.6878980891719745,0.687796406113999
SVC,0.7197452229299363,0.713998621479999,0.7197452229299363,0.7150087761529323
XGBoost,0.7579617834394905,0.75719662503102,0.7579617834394905,0.7567692037418023
