Model,Accuracy (Test),Precision (Test),Recall (Test),F1 Score (Test)
RandomForest,0.7388535031847133,0.7655479340192717,0.7388535031847133,0.7472786987291992
GradientBoosting,0.7579617834394905,0.7722809303623966,0.7579617834394905,0.7637735321318638
ExtraTrees,0.7515923566878981,0.7901670724992097,0.7515923566878981,0.758358771361723
MLP,0.5414012738853503,0.6428290081343658,0.5414012738853503,0.5076438918095999
SVC,0.6815286624203821,0.702320400479394,0.6815286624203821,0.6854343358652089
XGBoost,0.7261146496815286,0.7445229034411014,0.7261146496815286,0.7318391415776733
